row,col,lon,lat,clim_mean_mm,clim_std_mm,n_years
1,11,-70.7473,-32.0291,34.87,36.89,21
2,8,-71.0668,-32.1145,41.03,39.47,21
2,9,-70.9609,-32.1162,42.34,40.88,21
2,10,-70.8550,-32.1178,40.87,39.75,21
2,11,-70.7490,-32.1193,39.02,39.05,21
3,4,-71.4930,-32.1970,29.01,26.03,21
3,5,-71.3869,-32.1991,29.80,27.97,21
3,6,-71.2809,-32.2010,33.14,31.51,21
3,7,-71.1749,-32.2029,37.93,35.90,21
3,8,-71.0689,-32.2047,42.83,40.54,21
3,9,-70.9628,-32.2064,45.14,42.80,21
3,10,-70.8568,-32.2080,44.08,42.01,21
3,11,-70.7507,-32.2095,42.81,40.98,21
3,12,-70.6447,-32.2109,44.83,43.88,21
3,13,-70.5386,-32.2122,47.25,48.00,21
4,5,-71.3893,-32.2892,29.98,26.66,21
4,6,-71.2832,-32.2912,32.79,29.91,21
4,7,-71.1771,-32.2930,37.88,34.58,21
4,8,-71.0709,-32.2948,42.86,39.40,21
4,9,-70.9648,-32.2965,46.45,43.06,21
4,10,-70.8586,-32.2981,46.82,43.84,21
4,11,-70.7525,-32.2997,46.74,43.60,21
4,12,-70.6463,-32.3011,48.26,46.43,21
4,13,-70.5401,-32.3024,49.46,49.63,21
4,14,-70.4339,-32.3037,50.90,52.90,21
4,15,-70.3277,-32.3048,53.07,55.44,21
5,6,-71.2855,-32.3813,32.44,28.39,21
5,7,-71.1792,-32.3832,37.81,33.40,21
5,8,-71.0730,-32.3850,43.26,38.72,21
5,9,-70.9667,-32.3867,47.00,42.31,21
5,10,-70.8605,-32.3883,48.78,44.11,21
5,11,-70.7542,-32.3898,50.24,45.63,21
5,12,-70.6479,-32.3913,51.66,48.69,21
5,13,-70.5416,-32.3926,51.51,50.94,21
5,14,-70.4354,-32.3939,52.05,53.79,21
5,15,-70.3291,-32.3950,54.87,56.91,21
6,5,-71.3941,-32.4695,30.71,25.67,21
6,6,-71.2877,-32.4715,33.50,28.33,21
6,7,-71.1814,-32.4733,38.56,33.10,21
6,8,-71.0750,-32.4751,44.04,38.38,21
6,9,-70.9687,-32.4769,47.82,41.96,21
6,10,-70.8623,-32.4785,50.01,44.12,21
6,11,-70.7559,-32.4800,51.84,46.11,21
6,12,-70.6496,-32.4814,52.25,48.71,21
6,13,-70.5432,-32.4828,51.51,50.50,21
6,14,-70.4368,-32.4840,50.98,53.13,21
6,15,-70.3304,-32.4852,55.79,57.22,21
6,16,-70.2240,-32.4863,60.77,62.00,21
7,5,-71.3965,-32.5596,32.06,26.60,21
7,6,-71.2900,-32.5616,35.37,29.36,21
7,7,-71.1836,-32.5635,40.36,33.86,21
7,8,-71.0771,-32.5653,45.50,38.70,21
7,9,-70.9707,-32.5670,49.19,42.38,21
7,10,-70.8642,-32.5686,50.00,43.52,21
7,11,-70.7577,-32.5702,50.45,44.25,21
7,12,-70.6512,-32.5716,50.54,44.77,21
7,13,-70.5447,-32.5730,49.39,48.04,21
7,14,-70.4382,-32.5742,49.91,50.77,21
7,15,-70.3317,-32.5754,55.28,55.80,21
7,16,-70.2252,-32.5765,62.64,62.80,21
8,5,-71.3989,-32.6497,32.06,26.60,21
8,6,-71.2923,-32.6517,37.62,30.87,21
8,7,-71.1858,-32.6536,42.42,35.13,21
8,8,-71.0792,-32.6554,47.17,39.51,21
8,9,-70.9726,-32.6572,49.99,42.35,21
8,10,-70.8661,-32.6588,49.49,42.19,21
8,11,-70.7595,-32.6603,48.70,41.87,21
8,12,-70.6529,-32.6618,48.04,42.17,21
8,13,-70.5463,-32.6631,47.08,45.28,21
8,14,-70.4397,-32.6644,48.56,48.45,21
8,15,-70.3330,-32.6656,55.49,55.07,21
8,16,-70.2264,-32.6667,65.26,64.22,21
9,5,-71.4013,-32.7399,36.36,29.15,21
9,6,-71.2946,-32.7419,37.62,30.87,21
9,7,-71.1880,-32.7438,42.42,35.13,21
9,8,-71.0813,-32.7456,47.17,39.51,21
9,9,-70.9746,-32.7473,49.99,42.35,21
9,10,-70.8679,-32.7490,49.49,42.19,21
9,11,-70.7612,-32.7505,48.10,40.18,21
9,12,-70.6545,-32.7520,47.01,40.21,21
9,13,-70.5478,-32.7533,46.76,43.75,21
9,14,-70.4411,-32.7546,48.31,47.50,21
9,15,-70.3344,-32.7558,57.79,55.88,21
9,16,-70.2277,-32.7569,68.31,65.63,21
10,4,-71.5104,-32.8279,40.45,30.30,21
10,5,-71.4037,-32.8300,37.43,28.97,21
10,6,-71.2969,-32.8320,39.07,30.96,21
10,7,-71.1902,-32.8339,43.97,35.30,21
10,8,-71.0834,-32.8357,49.08,40.00,21
10,9,-70.9766,-32.8375,50.72,41.62,21
10,10,-70.8698,-32.8391,49.69,40.99,21
10,11,-70.7630,-32.8407,48.10,40.18,21
10,12,-70.6562,-32.8421,47.01,40.21,21
10,13,-70.5494,-32.8435,46.76,43.75,21
10,14,-70.4426,-32.8448,48.31,47.50,21
10,15,-70.3357,-32.8460,57.79,55.88,21
10,16,-70.2289,-32.8470,68.31,65.63,21
10,17,-70.1221,-32.8481,78.83,75.88,21
11,5,-71.4061,-32.9201,37.91,27.96,21
11,6,-71.2993,-32.9221,39.67,30.00,21
11,7,-71.1924,-32.9241,45.20,34.83,21
11,8,-71.0855,-32.9259,51.10,40.32,21
11,9,-70.9786,-32.9276,53.50,42.69,21
11,10,-70.8717,-32.9293,50.90,40.64,21
11,11,-70.7648,-32.9308,48.32,38.99,21
11,12,-70.6579,-32.9323,46.70,38.56,21
11,13,-70.5510,-32.9337,47.25,40.54,21
11,14,-70.4440,-32.9349,50.60,48.37,21
11,15,-70.3371,-32.9361,60.25,56.87,21
11,16,-70.2301,-32.9372,71.18,66.75,21
11,17,-70.1232,-32.9382,80.00,75.28,21
11,18,-70.0162,-32.9392,78.07,74.28,21
12,4,-71.5155,-33.0081,40.62,28.49,21
12,5,-71.4086,-33.0102,39.42,27.94,21
12,6,-71.3016,-33.0123,40.57,29.45,21
12,7,-71.1946,-33.0142,46.92,35.04,21
12,8,-71.0876,-33.0160,52.90,40.74,21
12,14,-70.4455,-33.0251,53.90,49.75,21
12,15,-70.3385,-33.0263,62.64,57.91,21
12,16,-70.2314,-33.0274,73.95,67.93,21
12,17,-70.1243,-33.0284,82.68,76.15,21
13,2,-71.7322,-33.0937,49.27,34.75,21
13,3,-71.6252,-33.0960,47.35,33.38,21
13,4,-71.5181,-33.0982,43.21,30.31,21
13,5,-71.4110,-33.1004,39.90,27.97,21
13,6,-71.3039,-33.1024,41.38,29.47,21
13,7,-71.1969,-33.1043,47.78,35.58,21
13,8,-71.0898,-33.1062,54.23,42.37,21
13,16,-70.2327,-33.1176,75.48,68.20,21
14,3,-71.6278,-33.1861,47.50,34.10,21
14,4,-71.5207,-33.1884,43.68,30.63,21
14,5,-71.4135,-33.1905,39.91,27.59,21
14,6,-71.3063,-33.1925,42.64,30.38,21
14,7,-71.1991,-33.1945,48.49,36.61,21
14,8,-71.0919,-33.1963,54.88,44.07,21
15,3,-71.6305,-33.2763,47.63,34.22,21
15,4,-71.5233,-33.2785,44.24,30.87,21
15,5,-71.4160,-33.2806,40.89,28.10,21
15,6,-71.3087,-33.2826,43.04,30.80,21
16,3,-71.6333,-33.3664,48.26,34.44,21
16,4,-71.5259,-33.3686,45.11,31.83,21
16,5,-71.4185,-33.3707,42.50,29.87,21
16,6,-71.3111,-33.3728,43.99,32.00,21
17,3,-71.6360,-33.4565,48.71,34.22,21
17,4,-71.5285,-33.4587,45.94,32.56,21
17,5,-71.4210,-33.4608,43.03,30.99,21
18,4,-71.5311,-33.5488,45.94,32.56,21
18,5,-71.4235,-33.5510,44.43,32.16,21
19,4,-71.5337,-33.6389,46.58,32.41,21
19,5,-71.4260,-33.6411,44.43,32.16,21
20,3,-71.6442,-33.7268,48.15,32.02,21
20,4,-71.5364,-33.7290,47.66,32.21,21
20,5,-71.4285,-33.7312,47.61,33.63,21
21,2,-71.7549,-33.8145,48.78,31.21,21
21,3,-71.6470,-33.8169,48.50,31.33,21
22,2,-71.7578,-33.9046,51.76,32.35,21
22,3,-71.6498,-33.9069,50.05,31.88,21