row,col,lon,lat,clim_mean_mm,clim_std_mm,n_years,recent_mm,cover_days,last_day,anomaly_pct,z_score
1,11,-70.7473,-32.0291,34.87,36.89,21,210.6,17,2026-07-17,504.0,4.76
2,8,-71.0668,-32.1145,41.03,39.47,21,171.7,17,2026-07-17,318.5,3.31
2,9,-70.9609,-32.1162,42.34,40.88,21,180.8,17,2026-07-17,327.0,3.39
2,10,-70.855,-32.1178,40.87,39.75,21,177.2,17,2026-07-17,333.6,3.43
2,11,-70.749,-32.1193,39.02,39.05,21,203.2,17,2026-07-17,420.8,4.2
3,4,-71.493,-32.197,29.01,26.03,21,158.1,17,2026-07-17,445.0,4.96
3,5,-71.3869,-32.1991,29.8,27.97,21,159.1,17,2026-07-17,433.9,4.62
3,6,-71.2809,-32.201,33.14,31.51,21,177.0,17,2026-07-17,434.1,4.57
3,7,-71.1749,-32.2029,37.93,35.9,21,190.7,17,2026-07-17,402.8,4.26
3,8,-71.0689,-32.2047,42.83,40.54,21,190.7,17,2026-07-17,345.2,3.65
3,9,-70.9628,-32.2064,45.14,42.8,21,193.5,17,2026-07-17,328.7,3.47
3,10,-70.8568,-32.208,44.08,42.01,21,184.7,17,2026-07-17,319.0,3.35
3,11,-70.7507,-32.2095,42.81,40.98,21,167.6,17,2026-07-17,291.5,3.05
3,12,-70.6447,-32.2109,44.83,43.88,21,195.5,17,2026-07-17,336.1,3.43
3,13,-70.5386,-32.2122,47.25,48.0,21,195.5,17,2026-07-17,313.8,3.09
4,5,-71.3893,-32.2892,29.98,26.66,21,163.3,17,2026-07-17,444.7,5.0
4,6,-71.2832,-32.2912,32.79,29.91,21,163.0,17,2026-07-17,397.1,4.35
4,7,-71.1771,-32.293,37.88,34.58,21,157.8,17,2026-07-17,316.6,3.47
4,8,-71.0709,-32.2948,42.86,39.4,21,168.3,17,2026-07-17,292.7,3.18
4,9,-70.9648,-32.2965,46.45,43.06,21,199.2,17,2026-07-17,328.8,3.55
4,10,-70.8586,-32.2981,46.82,43.84,21,147.6,17,2026-07-17,215.2,2.3
4,11,-70.7525,-32.2997,46.74,43.6,21,175.5,17,2026-07-17,275.5,2.95
4,12,-70.6463,-32.3011,48.26,46.43,21,160.3,17,2026-07-17,232.2,2.41
4,13,-70.5401,-32.3024,49.46,49.63,21,172.3,17,2026-07-17,248.4,2.48
4,14,-70.4339,-32.3037,50.9,52.9,21,208.7,17,2026-07-17,310.0,2.98
4,15,-70.3277,-32.3048,53.07,55.44,21,231.7,17,2026-07-17,336.6,3.22
5,6,-71.2855,-32.3813,32.44,28.39,21,176.9,17,2026-07-17,445.3,5.09
5,7,-71.1792,-32.3832,37.81,33.4,21,172.5,17,2026-07-17,356.2,4.03
5,8,-71.073,-32.385,43.26,38.72,21,168.3,17,2026-07-17,289.0,3.23
5,9,-70.9667,-32.3867,47.0,42.31,21,156.3,17,2026-07-17,232.6,2.58
5,10,-70.8605,-32.3883,48.78,44.11,21,156.3,17,2026-07-17,220.4,2.44
5,11,-70.7542,-32.3898,50.24,45.63,21,141.2,17,2026-07-17,181.1,1.99
5,12,-70.6479,-32.3913,51.66,48.69,21,150.2,17,2026-07-17,190.7,2.02
5,13,-70.5416,-32.3926,51.51,50.94,21,155.7,17,2026-07-17,202.3,2.05
5,14,-70.4354,-32.3939,52.05,53.79,21,146.2,17,2026-07-17,180.9,1.75
5,15,-70.3291,-32.395,54.87,56.91,21,217.6,17,2026-07-17,296.6,2.86
6,5,-71.3941,-32.4695,30.71,25.67,21,168.8,17,2026-07-17,449.7,5.38
6,6,-71.2877,-32.4715,33.5,28.33,21,173.3,17,2026-07-17,417.3,4.93
6,7,-71.1814,-32.4733,38.56,33.1,21,161.5,17,2026-07-17,318.8,3.71
6,8,-71.075,-32.4751,44.04,38.38,21,173.5,17,2026-07-17,294.0,3.37
6,9,-70.9687,-32.4769,47.82,41.96,21,167.6,17,2026-07-17,250.5,2.85
6,10,-70.8623,-32.4785,50.01,44.12,21,145.9,17,2026-07-17,191.7,2.17
6,11,-70.7559,-32.48,51.84,46.11,21,138.9,17,2026-07-17,167.9,1.89
6,12,-70.6496,-32.4814,52.25,48.71,21,137.0,17,2026-07-17,162.2,1.74
6,13,-70.5432,-32.4828,51.51,50.5,21,146.2,17,2026-07-17,183.8,1.88
6,14,-70.4368,-32.484,50.98,53.13,21,146.2,17,2026-07-17,186.8,1.79
6,15,-70.3304,-32.4852,55.79,57.22,21,192.5,17,2026-07-17,245.0,2.39
6,16,-70.224,-32.4863,60.77,62.0,21,208.7,17,2026-07-17,243.4,2.39
7,5,-71.3965,-32.5596,32.06,26.6,21,157.2,17,2026-07-17,390.3,4.7
7,6,-71.29,-32.5616,35.37,29.36,21,172.0,17,2026-07-17,386.3,4.65
7,7,-71.1836,-32.5635,40.36,33.86,21,175.1,17,2026-07-17,333.8,3.98
7,8,-71.0771,-32.5653,45.5,38.7,21,163.9,17,2026-07-17,260.2,3.06
7,9,-70.9707,-32.567,49.19,42.38,21,146.0,17,2026-07-17,196.8,2.28
7,10,-70.8642,-32.5686,50.0,43.52,21,147.7,17,2026-07-17,195.4,2.24
7,11,-70.7577,-32.5702,50.45,44.25,21,147.7,17,2026-07-17,192.8,2.2
7,12,-70.6512,-32.5716,50.54,44.77,21,134.6,17,2026-07-17,166.3,1.88
7,13,-70.5447,-32.573,49.39,48.04,21,157.0,17,2026-07-17,217.9,2.24
7,14,-70.4382,-32.5742,49.91,50.77,21,178.3,17,2026-07-17,257.2,2.53
7,15,-70.3317,-32.5754,55.28,55.8,21,192.5,17,2026-07-17,248.2,2.46
7,16,-70.2252,-32.5765,62.64,62.8,21,213.4,17,2026-07-17,240.7,2.4
8,5,-71.3989,-32.6497,32.06,26.6,21,157.2,17,2026-07-17,390.3,4.7
8,6,-71.2923,-32.6517,37.62,30.87,21,194.5,17,2026-07-17,417.0,5.08
8,7,-71.1858,-32.6536,42.42,35.13,21,194.5,17,2026-07-17,358.5,4.33
8,8,-71.0792,-32.6554,47.17,39.51,21,172.7,17,2026-07-17,266.1,3.18
8,9,-70.9726,-32.6572,49.99,42.35,21,185.0,17,2026-07-17,270.1,3.19
8,10,-70.8661,-32.6588,49.49,42.19,21,153.1,17,2026-07-17,209.4,2.46
8,11,-70.7595,-32.6603,48.7,41.87,21,165.3,17,2026-07-17,239.4,2.78
8,12,-70.6529,-32.6618,48.04,42.17,21,136.0,17,2026-07-17,183.1,2.09
8,13,-70.5463,-32.6631,47.08,45.28,21,113.7,17,2026-07-17,141.5,1.47
8,14,-70.4397,-32.6644,48.56,48.45,21,199.9,17,2026-07-17,311.7,3.12
8,15,-70.333,-32.6656,55.49,55.07,21,199.9,17,2026-07-17,260.2,2.62
8,16,-70.2264,-32.6667,65.26,64.22,21,179.9,17,2026-07-17,175.7,1.79
9,5,-71.4013,-32.7399,36.36,29.15,21,164.7,17,2026-07-17,353.0,4.4
9,6,-71.2946,-32.7419,37.62,30.87,21,181.6,17,2026-07-17,382.7,4.66
9,7,-71.188,-32.7438,42.42,35.13,21,172.4,17,2026-07-17,306.4,3.7
9,8,-71.0813,-32.7456,47.17,39.51,21,172.7,17,2026-07-17,266.1,3.18
9,9,-70.9746,-32.7473,49.99,42.35,21,211.6,17,2026-07-17,323.3,3.82
9,10,-70.8679,-32.749,49.49,42.19,21,168.2,17,2026-07-17,239.9,2.81
9,11,-70.7612,-32.7505,48.1,40.18,21,165.3,17,2026-07-17,243.7,2.92
9,12,-70.6545,-32.752,47.01,40.21,21,135.5,17,2026-07-17,188.2,2.2
9,13,-70.5478,-32.7533,46.76,43.75,21,114.9,17,2026-07-17,145.7,1.56
9,14,-70.4411,-32.7546,48.31,47.5,21,138.7,17,2026-07-17,187.1,1.9
9,15,-70.3344,-32.7558,57.79,55.88,21,179.9,17,2026-07-17,211.3,2.19
9,16,-70.2277,-32.7569,68.31,65.63,21,179.9,17,2026-07-17,163.4,1.7
10,4,-71.5104,-32.8279,40.45,30.3,21,151.0,17,2026-07-17,273.3,3.65
10,5,-71.4037,-32.83,37.43,28.97,21,164.0,17,2026-07-17,338.2,4.37
10,6,-71.2969,-32.832,39.07,30.96,21,157.8,17,2026-07-17,303.9,3.83
10,7,-71.1902,-32.8339,43.97,35.3,21,156.3,17,2026-07-17,255.5,3.18
10,8,-71.0834,-32.8357,49.08,40.0,21,181.8,17,2026-07-17,270.4,3.32
10,9,-70.9766,-32.8375,50.72,41.62,21,181.8,17,2026-07-17,258.4,3.15
10,10,-70.8698,-32.8391,49.69,40.99,21,171.2,17,2026-07-17,244.5,2.96
10,11,-70.763,-32.8407,48.1,40.18,21,136.5,17,2026-07-17,183.8,2.2
10,12,-70.6562,-32.8421,47.01,40.21,21,135.5,17,2026-07-17,188.2,2.2
10,13,-70.5494,-32.8435,46.76,43.75,21,129.6,17,2026-07-17,177.2,1.89
10,14,-70.4426,-32.8448,48.31,47.5,21,111.8,17,2026-07-17,131.4,1.34
10,15,-70.3357,-32.846,57.79,55.88,21,125.6,17,2026-07-17,117.3,1.21
10,16,-70.2289,-32.847,68.31,65.63,21,212.5,17,2026-07-17,211.1,2.2
10,17,-70.1221,-32.8481,78.83,75.88,21,206.8,17,2026-07-17,162.3,1.69
11,5,-71.4061,-32.9201,37.91,27.96,21,171.7,17,2026-07-17,352.9,4.79
11,6,-71.2993,-32.9221,39.67,30.0,21,171.7,17,2026-07-17,332.8,4.4
11,7,-71.1924,-32.9241,45.2,34.83,21,156.3,17,2026-07-17,245.8,3.19
11,8,-71.0855,-32.9259,51.1,40.32,21,147.5,17,2026-07-17,188.6,2.39
11,9,-70.9786,-32.9276,53.5,42.69,21,177.9,17,2026-07-17,232.5,2.91
11,10,-70.8717,-32.9293,50.9,40.64,21,160.7,17,2026-07-17,215.7,2.7
11,11,-70.7648,-32.9308,48.32,38.99,21,160.7,17,2026-07-17,232.6,2.88
11,12,-70.6579,-32.9323,46.7,38.56,21,125.9,17,2026-07-17,169.6,2.05
11,13,-70.551,-32.9337,47.25,40.54,21,125.9,17,2026-07-17,166.5,1.94
11,14,-70.444,-32.9349,50.6,48.37,21,97.7,17,2026-07-17,93.1,0.97
11,15,-70.3371,-32.9361,60.25,56.87,21,125.6,17,2026-07-17,108.5,1.15
11,16,-70.2301,-32.9372,71.18,66.75,21,188.0,17,2026-07-17,164.1,1.75
11,17,-70.1232,-32.9382,80.0,75.28,21,211.0,17,2026-07-17,163.8,1.74
11,18,-70.0162,-32.9392,78.07,74.28,21,218.3,17,2026-07-17,179.6,1.89
12,4,-71.5155,-33.0081,40.62,28.49,21,157.0,17,2026-07-17,286.5,4.08
12,5,-71.4086,-33.0102,39.42,27.94,21,180.4,17,2026-07-17,357.6,5.05
12,6,-71.3016,-33.0123,40.57,29.45,21,170.1,17,2026-07-17,319.3,4.4
12,7,-71.1946,-33.0142,46.92,35.04,21,167.7,17,2026-07-17,257.4,3.45
12,8,-71.0876,-33.016,52.9,40.74,21,158.8,17,2026-07-17,200.2,2.6
12,14,-70.4455,-33.0251,53.9,49.75,21,123.9,17,2026-07-17,129.9,1.41
12,15,-70.3385,-33.0263,62.64,57.91,21,161.1,17,2026-07-17,157.2,1.7
12,16,-70.2314,-33.0274,73.95,67.93,21,194.0,17,2026-07-17,162.3,1.77
12,17,-70.1243,-33.0284,82.68,76.15,21,211.0,17,2026-07-17,155.2,1.69
13,2,-71.7322,-33.0937,49.27,34.75,21,161.7,17,2026-07-17,228.2,3.24
13,3,-71.6252,-33.096,47.35,33.38,21,191.8,17,2026-07-17,305.1,4.33
13,4,-71.5181,-33.0982,43.21,30.31,21,226.7,17,2026-07-17,424.6,6.05
13,5,-71.411,-33.1004,39.9,27.97,21,180.4,17,2026-07-17,352.1,5.02
13,6,-71.3039,-33.1024,41.38,29.47,21,174.8,17,2026-07-17,322.4,4.53
13,7,-71.1969,-33.1043,47.78,35.58,21,162.4,17,2026-07-17,239.9,3.22
13,8,-71.0898,-33.1062,54.23,42.37,21,186.4,17,2026-07-17,243.7,3.12
13,16,-70.2327,-33.1176,75.48,68.2,21,230.8,17,2026-07-17,205.8,2.28
14,3,-71.6278,-33.1861,47.5,34.1,21,195.6,17,2026-07-17,311.8,4.34
14,4,-71.5207,-33.1884,43.68,30.63,21,215.7,17,2026-07-17,393.8,5.62
14,5,-71.4135,-33.1905,39.91,27.59,21,198.3,17,2026-07-17,396.9,5.74
14,6,-71.3063,-33.1925,42.64,30.38,21,175.6,17,2026-07-17,311.8,4.38
14,7,-71.1991,-33.1945,48.49,36.61,21,175.6,17,2026-07-17,262.1,3.47
14,8,-71.0919,-33.1963,54.88,44.07,21,167.8,17,2026-07-17,205.8,2.56
15,3,-71.6305,-33.2763,47.63,34.22,21,181.8,17,2026-07-17,281.7,3.92
15,4,-71.5233,-33.2785,44.24,30.87,21,181.8,17,2026-07-17,310.9,4.46
15,5,-71.416,-33.2806,40.89,28.1,21,199.0,17,2026-07-17,386.7,5.63
15,6,-71.3087,-33.2826,43.04,30.8,21,187.0,17,2026-07-17,334.5,4.67
16,3,-71.6333,-33.3664,48.26,34.44,21,134.7,17,2026-07-17,179.1,2.51
16,4,-71.5259,-33.3686,45.11,31.83,21,153.2,17,2026-07-17,239.6,3.4
16,5,-71.4185,-33.3707,42.5,29.87,21,179.2,17,2026-07-17,321.6,4.58
16,6,-71.3111,-33.3728,43.99,32.0,21,183.5,17,2026-07-17,317.1,4.36
17,3,-71.636,-33.4565,48.71,34.22,21,130.3,17,2026-07-17,167.5,2.38
17,4,-71.5285,-33.4587,45.94,32.56,21,137.3,17,2026-07-17,198.9,2.81
17,5,-71.421,-33.4608,43.03,30.99,21,163.4,17,2026-07-17,279.7,3.88
18,4,-71.5311,-33.5488,45.94,32.56,21,156.6,17,2026-07-17,240.9,3.4
18,5,-71.4235,-33.551,44.43,32.16,21,156.6,17,2026-07-17,252.5,3.49
19,4,-71.5337,-33.6389,46.58,32.41,21,149.2,17,2026-07-17,220.3,3.17
19,5,-71.426,-33.6411,44.43,32.16,21,145.4,17,2026-07-17,227.3,3.14
20,3,-71.6442,-33.7268,48.15,32.02,21,153.4,17,2026-07-17,218.6,3.29
20,4,-71.5364,-33.729,47.66,32.21,21,156.2,17,2026-07-17,227.7,3.37
20,5,-71.4285,-33.7312,47.61,33.63,21,141.5,17,2026-07-17,197.2,2.79
21,2,-71.7549,-33.8145,48.78,31.21,21,112.2,17,2026-07-17,130.0,2.03
21,3,-71.647,-33.8169,48.5,31.33,21,153.4,17,2026-07-17,216.3,3.35
22,2,-71.7578,-33.9046,51.76,32.35,21,129.9,17,2026-07-17,151.0,2.42
22,3,-71.6498,-33.9069,50.05,31.88,21,157.8,17,2026-07-17,215.3,3.38
